subreddit,permalink,score,num_comments,title,body_text,image_url
Cricket,https://old.reddit.com/r/Cricket/comments/t6jm70/breaking_australia_cricket_legend_shane_warne/,22945,3235,"BREAKING: Australia cricket legend, Shane Warne, dies aged 52 of ‚Äòsuspected heart attack‚Äô",,
Cricket,https://old.reddit.com/r/Cricket/comments/1drk1de/rohit_sharma_announces_his_t20i_retirement/,13919,693,Rohit Sharma announces his T20I retirement,,https://i.redd.it/p1631lb8kk9d1.jpeg
Cricket,https://old.reddit.com/r/Cricket/comments/cv9qr6/stokes_135_not_out_legend_one_of_the_greatest/,12965,1284,Stokes 135 Not out. Legend. One of the greatest knocks of all time.,,https://i.redd.it/6h4qblxn3mi31.jpg
Cricket,https://old.reddit.com/r/Cricket/comments/1lb6rz0/south_africa_are_world_test_champions_after/,11773,958,South Africa Are World Test Champions After Beating Australia in WTC 2023‚Äì25 Final,,https://i.redd.it/zgr537bsrv6f1.jpeg
Cricket,https://old.reddit.com/r/Cricket/comments/1drh232/india_are_the_champions_of_t20_world_cup_2024/,11196,1241,India are the champions of T20 World Cup 2024,,https://i.redd.it/b6l6x0ysvj9d1.png
Cricket,https://old.reddit.com/r/Cricket/comments/17z01xd/australia_are_champions_of_the_2023_odi_world_cup/,10524,3317,Australia are champions of the 2023 ODI World Cup,,https://i.redd.it/5mikxhk7tb1c1.jpg
Cricket,https://old.reddit.com/r/Cricket/comments/1j7b3b3/india_are_champions_of_the_2025_icc_champions/,10143,1546,India are champions of the 2025 ICC Champions Trophy,,https://i.redd.it/7qr7kbt2wone1.jpeg
Cricket,https://old.reddit.com/r/Cricket/comments/1dvaqdt/madness_in_mumbai/,9389,591,Madness in Mumbai.,,https://i.redd.it/1adhhklg1jad1.jpeg
Cricket,https://old.reddit.com/r/Cricket/comments/1d9r965/usa_make_history_and_beat_pakistan_in_a_super/,9319,1345,USA make history and beat Pakistan in a Super Over in Dallas,,https://i.redd.it/qyurlr0aa05d1.jpeg
Cricket,https://old.reddit.com/r/Cricket/comments/r8ketd/ajaz_patel_takes_10_wickets_in_an_innings_10119/,8703,763,Ajaz Patel takes 10 wickets in an innings (10-119) becomes 3rd bowler to do so in International Cricket,,https://i.redd.it/mvyqortsah381.jpg
Cricket,https://old.reddit.com/r/Cricket/comments/1omoxe6/india_are_the_2025_womens_cricket_world_cup/,8687,602,India are the 2025 Women's Cricket World Cup champions,,https://i.redd.it/561y29wk0wyf1.jpeg
Cricket,https://old.reddit.com/r/Cricket/comments/cd0d25/match_thread_final_england_v_new_zealand/,8525,54479,Match Thread: Final - England v New Zealand,"Final, ICC Cricket World Cup at Lord's, Jul 14 2019
Tournament
: |
Table
|
Fixtures
|
Statistics
|
Match
:
Cricinfo
|
Reddit-Stream
|
Win Predictor
Innings
Score
New Zealand
241/8
England
241 (50 ov, target 242)
Batsman
Runs
Balls
SR
Ben Stokes
84
98
85.71
Mark Wood
0
0
Bowler
Overs
Runs
Wickets
Trent Boult
10.0
67
0
James Neesham
7.0
43
3
Recent : 4 1 2 . 2 1  |  1 1 W 6 1 W  |  . . 6 6 W W  |
Match tied
Live match threads:
IRE v ZIM
|
Send feedback
|
Schedule
|
Stat Help
Please don't post illegal streaming links in match threads",
Cricket,https://old.reddit.com/r/Cricket/comments/o6htjz/new_zealand_are_the_inaugural_icc_world_test/,8254,812,NEW ZEALAND ARE THE INAUGURAL ICC WORLD TEST CHAMPIONSHIP WINNERS,,https://i.redd.it/09wldq07x1771.jpg
Cricket,https://old.reddit.com/r/Cricket/comments/1l2iu5w/virat_kohli_in_tears_after_winning_his_first_ever/,8093,275,Virat Kohli in tears after winning his first ever IPL,,https://i.redd.it/r5dh94vp4r4f1.jpeg
Cricket,https://old.reddit.com/r/Cricket/comments/17z05bf/another_heartbreak_for_india_in_icc_events/,8039,1431,Another Heartbreak for India in ICC events,,https://i.redd.it/h2o82vk1ub1c1.png
Cricket,https://old.reddit.com/r/Cricket/comments/ytz6qv/england_are_the_champions_of_the_icc_t20_world/,7978,988,England are the Champions of the ICC T20 World Cup 2022,,https://i.redd.it/h1y3wz06gpz91.png
Cricket,https://old.reddit.com/r/Cricket/comments/1l2imh5/royal_challengers_bangalore_are_the_champions_of/,7795,659,Royal Challengers Bangalore are the champions of IPL 2025,,https://i.redd.it/pih3tm4f3r4f1.jpeg
Cricket,https://old.reddit.com/r/Cricket/comments/17y2rc4/rohit_sharma_and_pat_cummins_with_the_world_cup/,7684,242,Rohit Sharma and Pat Cummins with the World Cup trophy,,https://i.redd.it/nl133lg1r21c1.jpg
Cricket,https://old.reddit.com/r/Cricket/comments/1lcw741/the_swag_of_south_african_players_with_the_wtc/,7630,164,The swag of South African players with the WTC trophy,,https://i.redd.it/q7dcsbxt7b7f1.jpeg
Cricket,https://old.reddit.com/r/Cricket/comments/ybfx6j/kohli_plays_a_magnificent_innings_of_82_runs_from/,7533,726,Kohli plays a magnificent innings of 82 runs from 53 balls which lead India to victory,,https://i.redd.it/qd4cly9z6lv91.jpg
Cricket,https://old.reddit.com/r/Cricket/comments/7kkc34/this_seems_a_tad_extreme/,7323,124,This seems a tad extreme,,https://i.redd.it/p0iw118mnn401.jpg
Cricket,https://old.reddit.com/r/Cricket/comments/yrbm6u/england_defeat_india_by_10_wickets_and_qualify/,7172,1721,"England Defeat India by 10 wickets, and qualify for The Final of ICC T20 World Cup 2022",,https://i.redd.it/v4aon1m9v3z91.jpg
Cricket,https://old.reddit.com/r/Cricket/comments/1hgv2lo/ashwin_announces_retirement_from_international/,7171,913,Ashwin announces retirement from International Cricket.,https://x.com/bcci/status/1869258427987562621?s=46,https://i.redd.it/23hzu4ezpj7e1.jpeg
Cricket,https://old.reddit.com/r/Cricket/comments/d5dr2k/a_promise_is_a_promise_australia_didnt/,7165,204,"A promise is a promise. Australia didn't technically ""win"" The Ashes series. Here is my tattoo of the highest rated comment.",,
Cricket,https://old.reddit.com/r/Cricket/comments/myuhp9/pat_cummins_the_real_gentleman/,6848,317,Pat Cummins - The real Gentleman,,https://i.redd.it/fcj67p4muhv61.jpg
Cricket,https://old.reddit.com/r/Cricket/comments/1hpsf61/cricket_photo_of_the_year_candidate/,6590,152,Cricket photo of the year candidate,,https://i.redd.it/5ojs4s9qt0ae1.jpeg
Cricket,https://old.reddit.com/r/Cricket/comments/l0f1xi/post_match_thread_australia_v_india_day_5/,6260,4139,"Post Match Thread: Australia v India, Day 5","4th Test, India tour of Australia at Brisbane, Jan 15-19 2021
Thread
|
Cricinfo
|
Reddit-Stream
Innings
Score
Australia
369 & 294
India
336 & 329/7 (97 ov, target 328)
Australia
Batter
Runs
Bowler
Wickets
Marnus Labuschagne
108
Josh Hazlewood
5
Tim Paine
50
Mitchell Starc
2
Cameron Green
47
Pat Cummins
2
Steven Smith
55
Pat Cummins
4
David Warner
48
Nathan Lyon
2
Marcus Harris
38
Josh Hazlewood
1
India
Batter
Runs
Bowler
Wickets
Shardul Thakur
67
T Natarajan
3
Washington Sundar
62
Washington Sundar
3
Rohit Sharma
44
Shardul Thakur
3
Shubman Gill
91
Mohammed Siraj
5
Rishabh Pant
89
Shardul Thakur
4
Cheteshwar Pujara
56
Washington Sundar
1
India won by 3 wickets
Ajinkya Rahane
: ""It really means a lot to us. I don't know how to describe this victory. I'm just proud of all the boys, each and every individual. We just wanted to give our best, not to think about the result. When I went in, conversation between me and Pujara was Puji to bat normal and me to go for my shots, because we knew Rishabh and Mayank were there. Credit to Pujara, the way he handled the pressure was magnificent, and Rishabh was brilliant in the end. Taking 20 wickets was the key, that's what we identified, that's why we picked five bowlers. Washington Sundar got that balance for us, intention was to play five bowlers. Siraj had played two Test matches, Saini one, Thakur one, Natarajan also on debut, all credit to them. After Adelaide we didn't discuss about what happened, we just wanted to play our game, show good attitude, show good character on the field. It was all about the team effort. I would also like to thank our fans who came out here and supported us, and the Indian team would like to give Nathan Lyon a signed jersey for his 100th Test match.""
Tim Paine
: ""Absolutely disappointed. We came here to win the Test and win the series, it's been a bit of a trend that we were found wanting in the key moments and completely outplayed by a tough Indian side that fully deserves the win. I think there's lots of things we'll look back at, but what's done is done. We need to look forward now, there's a big series in South Africa coming up, we've been outplayed by the better side in this series. I think we got about what we wanted in the end. We wanted to set a bit over 300, dangle a carrot to win the Test match and win the series. We might have had another 20 overs had it not rained. But India turned up and put their bodies on the line. [Reviews] are part of the job. sometimes they work, sometimes they don't. But all credit to India, our bowlers threw everything at them.""
Pat Cummins is the player of the series
. ""Good hard day of Test cricket today, I thought Rishabh and the whole Indian side played fantastically, took the game on and deserved the win. I would have liked the cracks to play a few more tricks, but it was a pretty good wicket. Once you were in, it was pretty free-flowing, the runs. I thought today and in Sydney the game was ours to win on day five, but we didn't take enough wickets, but overall happy [with my performance].""
Rishabh Pant is the man of the match
. ""This is one of the biggest moments of my life now, and I'm happy that all the support staff and all my teammates supported me even when I wasn't playing,"" he says. ""It's been a dream series. The team management always backs me and tells me, you are a matchwinner and you have to go win the match for the team. I keep thinking every day that I want to win matches for India, and I did it today. It was a fifth-day pitch and the ball was turning a bit. I thought I have to be disciplined with my shot selection.""
Send feedback
|
Schedule
|
Stat Help
Please don't post illegal streaming links in match threads",
Cricket,https://old.reddit.com/r/Cricket/comments/cd6dzo/postmatch_thread_cricket_world_cup_2019_final/,6234,5792,Post-Match Thread - Cricket World Cup 2019 Final - England vs. New Zealand.,"Match Tied, Super over tied, England win The 2019 ICC CWC via number of boundaries scored.
Boundaries scored - Eng/NZ - 26/17
Man of the match - Ben Stokes (England).
Man of the Tournament - Kane Williamson (New Zealand).
Match Ball - Delivered by a man on parachute from the Nursery end.
Toss - New Zealand - Bat first.
Pitch - Hard, Overhead conditions, Toss delayed by 15 minutes due to rain in the morning, SLOPE.
New Zealand
: Martin Guptill, Henry Nicholls, Kane Williamson (capt), Ross Taylor, James Neesham, Tom Latham (wk), Colin de Grandhomme, Mitchell Santner, Matt Henry, Trent Boult, Lockie Ferguson.
England
: Jason Roy, Jonny Bairstow, Joe Root, Eoin Morgan (capt), Ben Stokes, Jos Buttler(wk), Chris Woakes, Liam Plunkett, Jofra Archer, Adil Rashid, Mark Wood.
NZ - 241/8
Eng - 241/10
Last over the the match -
https://youtu.be/dtCS0WGZH4k
Super-over -  Tied -
England win via boundary count-back
Eng - 15/0
NZ - 15/1
Last ball of the Super Over -
https://youtu.be/Tj9xPsdcxJM
Full Scorecard -
https://www.espncricinfo.com/series/8039/scorecard/1144530/england-vs-new-zealand-final-icc-cricket-world-cup-2019
This was easily the greatest and most ridiculous One Day International Match ever.
Glory to England! The Mighty Mighty England!
Post-match press conference:
https://youtu.be/BlKAprs32co
Edit: fixed the errors with the scores.",
Cricket,https://old.reddit.com/r/Cricket/comments/1prwsr2/australia_have_won_the_3rd_test_against_england/,6178,711,Australia have won the 3rd Test against England and have retained the 25/26 Ashes,,https://i.redd.it/p9gwuv3pah8g1.jpeg
Cricket,https://old.reddit.com/r/Cricket/comments/1mynky9/cheteshwar_pujara_retires_from_all_forms_of/,6164,291,Cheteshwar Pujara retires from all forms of Cricket,,https://i.redd.it/qbjvud4dowkf1.jpeg
Cricket,https://old.reddit.com/r/Cricket/comments/1lzr657/indeed_gentlemens_game/,6100,397,"Indeed, Gentlemen's Game!",,https://i.redd.it/uv28m5g9avcf1.jpeg
Cricket,https://old.reddit.com/r/Cricket/comments/1drhjku/jasprit_bumrah_the_player_of_the_tournament_in/,5903,319,"Jasprit Bumrah, the Player of the Tournament in India's triumphant World Cup campaign",,https://i.redd.it/cu8zazhrzj9d1.jpeg
Cricket,https://old.reddit.com/r/Cricket/comments/1drhf6o/virat_kohli_has_just_announced_his_t20i_retirement/,5897,704,Virat Kohli has just announced his T20I retirement,,"['https://preview.redd.it/0msqgykryj9d1.jpg?width=108&crop=smart&auto=webp&s=5eb2f078a60f3c2b3cce374e3131e274adeab7ff', 'https://preview.redd.it/avev8ykryj9d1.jpg?width=108&crop=smart&auto=webp&s=83bd2262a4233fd92f3bbe2921183d0cfd0a823a']"
Cricket,https://old.reddit.com/r/Cricket/comments/1lb7kwr/south_africa_lift_the_wtc_trophy/,5867,166,South Africa lift the WTC trophy,,https://i.redd.it/xt6ly60nzv6f1.jpeg
Cricket,https://old.reddit.com/r/Cricket/comments/1ko10bo/cricket_pitch_at_thissur_kerala_india/,5837,171,"Cricket Pitch at Thissur, Kerala, India.",,https://i.redd.it/0r1va30tc51f1.png
Cricket,https://old.reddit.com/r/Cricket/comments/1mha887/chris_woakes_coming_out_to_bat_with_his_arm_in_a/,5685,342,Chris Woakes coming out to bat with his arm in a sling,,https://i.redd.it/l63fuei9hzgf1.jpeg
Cricket,https://old.reddit.com/r/Cricket/comments/qerr6k/match_thread_16th_match_group_2_india_vs_pakistan/,5672,34545,"Match Thread: 16th Match, Group 2 - India vs Pakistan","16th Match, Group 2, ICC Men's T20 World Cup at Dubai
Post Match
|
Cricinfo
|
Reddit-Stream
| ‚òÄÔ∏è ‚òÄÔ∏è ‚òÄÔ∏è ‚òÄÔ∏è ‚òÄÔ∏è
Innings
Score
India
151/7 (Ov 20/20)
Pakistan
152/0 (Ov 17.5/20)
Batsman
Runs
Balls
SR
Babar Azam*
68
52
130.77
Mohammad Rizwan
79
55
143.64
Bowler
Overs
Runs
Wickets
Mohammed Shami
3.5
43
0
Bhuvneshwar Kumar
3
25
0
Recent : 1  |  4 . 1 1 1 .  |  1 1 . 1w 1 1w 2 .  |  6 4 4 1 2
Pakistan won by 10 wickets (with 13 balls remaining)
Live match threads:
Canada Women vs United States of America Women
|
Send feedback
|
Schedule
|
Stat Help
Please don't post illegal streaming links in match threads",
Cricket,https://old.reddit.com/r/Cricket/comments/1htwenx/australia_regain_the_bordergavaskar_trophy/,5624,875,"Australia regain the Border-Gavaskar Trophy, winning the series for the first time since 2015",,https://i.redd.it/82lwcn2og3be1.jpeg
Cricket,https://old.reddit.com/r/Cricket/comments/1nsvrpy/india_are_the_2025_asia_cup_champions_this_is/,5573,1125,India are the 2025 Asia Cup champions. This is their ninth Asia Cup title,,https://i.redd.it/i5a6rl5n8yrf1.jpeg
Cricket,https://old.reddit.com/r/Cricket/comments/yeuj2l/pommie_mbangwas_commentary_zim_vs_pak/,5500,321,Pommie Mbangwa's commentary | Zim vs Pak,,
Cricket,https://old.reddit.com/r/Cricket/comments/17z1dc1/australian_team_with_the_world_cup_trophy/,5483,538,Australian Team with the World Cup Trophy.,,
Cricket,https://old.reddit.com/r/Cricket/comments/s4k442/kohli_steps_down_as_indias_test_captain/,5475,1677,Kohli steps down as India‚Äôs Test captain,,
Cricket,https://old.reddit.com/r/Cricket/comments/1gihnzh/new_zealand_have_won_the_3rd_test_and_whitewashed/,5417,855,New Zealand have won the 3rd test and whitewashed India. After 24 years has a team whitewashed India at home.,,
Cricket,https://old.reddit.com/r/Cricket/comments/17yrns5/match_thread_final_india_vs_australia/,5324,87979,Match Thread: Final - India vs Australia,,
Cricket,https://old.reddit.com/r/Cricket/comments/1hpgz9j/australia_win_the_4th_test_by_185_runs_to_make/,5319,1339,Australia win the 4th Test by 185 runs to make the score 2-1,,
Cricket,https://old.reddit.com/r/Cricket/comments/kuywhp/the_four_horsemen_of_todays_great_escape/,5301,253,The four horsemen of today‚Äôs great escape!,,
Cricket,https://old.reddit.com/r/Cricket/comments/c17gl6/match_thread_22nd_match_india_v_pakistan/,5266,43048,Match Thread: 22nd match - India v Pakistan,"22nd match, ICC Cricket World Cup at Manchester, Jun 16 2019
Tournament
: |
Table
|
Fixtures
|
Statistics
|
Match
:
Cricinfo
|
Reddit-Stream
|
Win Predictor
Innings
Score
India
336/5
Pakistan
212/6 (40 ov, target 302)
Batsman
Runs
Balls
SR
Imad Wasim
46
39
117.95
Shadab Khan
20
14
142.86
Bowler
Overs
Runs
Wickets
Hardik Pandya
8.0
44
2
Jasprit Bumrah
8.0
52
0
Recent : 2 1 2 2 2  |  4 . 1 1 . 5nb 1  |  . 1 1 1 1 .  |
India won by 89 runs (D/L method)
Send feedback
|
Schedule
|
Stat Help
Please don't post illegal streaming links in match threads",
Cricket,https://old.reddit.com/r/Cricket/comments/1ok5l00/india_defeat_australia_by_5_wickets_they_will/,5114,386,India defeat Australia by 5 wickets. They will face South Africa in the Final,,https://i.redd.it/0u2wp06u7ayf1.jpeg
Cricket,https://old.reddit.com/r/Cricket/comments/l0ffc8/nathan_lyon_gets_a_signed_jersey_from_the_indian/,5095,438,Nathan Lyon gets a signed Jersey from the Indian team for his 100th Test.,,https://i.redd.it/8zas3rpcy8c61.jpg
Cricket,https://old.reddit.com/r/Cricket/comments/6hyooi/match_thread_india_v_pakistan_at_the_oval_jun_18/,5080,20268,"Match Thread: India v Pakistan at The Oval, Jun 18, 2017 ICC Champions Trophy, Final","Mod note:
Please note the rules in the sidebar - particularly rules 1, 5 & 6. Serial offenders will be banned. Thank you and enjoy the game!
Cricinfo
Reddit-Stream
Live streams",
Cricket,https://old.reddit.com/r/Cricket/comments/11dvjn7/new_zealand_make_an_incredible_comeback_after/,5070,490,New Zealand make an incredible comeback after being enforced to follow on beating England by 1 run in one of the greatest tests ever. The series is drawn 1-1,,https://i.redd.it/zdayuqa93wka1.jpg
Cricket,https://old.reddit.com/r/Cricket/comments/m5djyy/scary_last_night_at_motera_stadium_for_indvseng/,5072,738,Scary last night at Motera Stadium for INDvsENG 2nd T20. Social distancing was nonexistent.,,https://i.redd.it/0fz7g6o9n4n61.jpg
Cricket,https://old.reddit.com/r/Cricket/comments/1mha9v1/mohammad_siraj_picks_up_his_5th_5fer_with_figures/,5032,365,Mohammad Siraj picks up his 5th 5-fer with figures reading 5-104 (30.1),,https://i.redd.it/p2ktnsdqhzgf1.jpeg
Cricket,https://old.reddit.com/r/Cricket/comments/184a9ru/pat_cummins_explained_why_virat_kohlis_wicket_was/,5019,642,Pat Cummins explained why Virat Kohli's wicket was his favourite moment of the world cup.,,https://i.redd.it/ul1zmb3pxo2c1.jpeg
Cricket,https://old.reddit.com/r/Cricket/comments/1pmdzyd/the_greatest_no_10s_of_all_time/,4936,142,The GREATEST no. 10s of all time,,https://i.redd.it/962exzs9867g1.jpeg
Cricket,https://old.reddit.com/r/Cricket/comments/1dc27f7/india_defeat_pakistan_by_6_runs_in_new_york/,4913,1005,India defeat Pakistan by 6 runs in New York,,https://i.redd.it/jsm7sn63nl5d1.png
Cricket,https://old.reddit.com/r/Cricket/comments/lejwma/kyle_mayers_becomes_the_first_batsman_to_score/,4913,273,Kyle Mayers becomes the first batsman to score 200 runs on debut in the fourth innings of a test match as he guides Windies to a memorable win. The greatest test debut innings ever?,,https://i.redd.it/g80pru6q61g61.jpg
Cricket,https://old.reddit.com/r/Cricket/comments/1iwdp0c/virat_kohli_scored_his_51st_odi_hundred_with_runs/,4823,400,"Virat Kohli scored his 51st ODI hundred, with runs off 100* balls 111 against Pakistan.",,https://i.redd.it/6pwphqrvywke1.jpeg
Cricket,https://old.reddit.com/r/Cricket/comments/17vy0mo/mohammad_shami_gets_a_7fer_in_the_semifinal_with/,4802,437,Mohammad Shami gets a 7-fer in the semi-final with his figures reading 7-57 (9.4),,https://i.redd.it/295ha1obij0c1.jpeg
Cricket,https://old.reddit.com/r/Cricket/comments/1du3mfp/jasprit_bumrah_gets_another_obscure_record_to_his/,4741,157,Jasprit Bumrah gets another obscure record to his name,,https://i.redd.it/73yg1f50u7ad1.png
Cricket,https://old.reddit.com/r/Cricket/comments/5mc4k0/muslim_man_dabs_after_massacring_11_pakistanis_on/,4727,245,Muslim Man Dabs After Massacring 11 Pakistanis On Live Television,,
Cricket,https://old.reddit.com/r/Cricket/comments/kzoxtn/mohammed_siraj_picks_up_his_maiden_test/,4721,293,Mohammed Siraj picks up his maiden Test five-wicket haul,,https://i.redd.it/1xv2zdp3b1c61.jpg
Cricket,https://old.reddit.com/r/Cricket/comments/lyv495/stranded_again_at_96/,4711,326,"Stranded again, at 96* üíî",,https://i.redd.it/6bs873agicl61.jpg
Cricket,https://old.reddit.com/r/Cricket/comments/kg22c1/india_all_out_for_36_vs_aus_their_lowest_test/,4702,1073,India all out for 36 vs AUS. Their lowest test innings score in history.,"21 overs, Hazlewood (5w), Cummins (4w), 1 retired hurt",
Cricket,https://old.reddit.com/r/Cricket/comments/1dny3w0/afghanistan_makes_history_and_qualify_for_the/,4708,718,Afghanistan makes history and qualify for the Semi-Final of 2024 T20 World Cup; their first ever. They will face South Africa in the 1st Semi-Final,,https://i.redd.it/nb7o1qzyhn8d1.jpeg
Cricket,https://old.reddit.com/r/Cricket/comments/1htwsof/jasprit_bumrah_is_the_player_of_the_series_for/,4671,448,Jasprit Bumrah is the player of the series for his 32 wickets.,,https://i.redd.it/nmj023mek3be1.jpeg
Cricket,https://old.reddit.com/r/Cricket/comments/l1x2jg/here_is_a_painting_by_my_father_norman_parker/,4673,213,Here is a painting by my father Norman Parker called The Defensive Stroke (2011). I thought some of you may like it. Apologies if this is not the sort of thing you want in this sub.,,https://i.redd.it/3ll2qm11doc61.jpg
Cricket,https://old.reddit.com/r/Cricket/comments/1dmdipv/afghanistan_defeats_australia_by_21_runs_first/,4657,525,Afghanistan defeats Australia by 21 runs. First time AFG has ever beaten AUS,,https://i.redd.it/ac5glq7vv88d1.jpeg
Cricket,https://old.reddit.com/r/Cricket/comments/1pegw9h/former_india_womens_test_cricketer_shobha_pandit/,4633,108,Former India Women's test cricketer Shobha Pandit in the nets at the age of 69,,
Cricket,https://old.reddit.com/r/Cricket/comments/kuuw73/lives_by_the_sword_dies_by_it_probably_gets_the/,4614,395,"Lives by the sword, dies by it. Probably gets the most hate in the Indian team, even by his own fans. Immense respect for Pant for that innings, made a mockery of one of the best bowling attacks out there. Never change, Rishabh.",,https://i.redd.it/dge59l80pma61.jpg
Cricket,https://old.reddit.com/r/Cricket/comments/ybapq3/match_thread_16th_match_group_2_india_vs_pakistan/,4570,34714,"Match Thread: 16th Match, Group 2 - India vs Pakistan","16th Match, Group 2, ICC Men's T20 World Cup at Melbourne
Post Match
|
Cricinfo
|
Reddit-Stream
| ‚òÄÔ∏è ‚òÄÔ∏è ‚òÄÔ∏è ‚òÄÔ∏è ‚òÄÔ∏è
Innings
Score
Pakistan
159/8 (Ov 20/20)
India
160/6 (Ov 20/20)
‚Äã
Batter
Runs
Balls
SR
Ravichandran Ashwin*
1
1
100.0
Virat Kohli
82
53
154.72
Bowler
Overs
Runs
Wickets
Mohammad Nawaz
4
42
2
Haris Rauf
4
36
2
Recent : 2 4 1 1 4  |  1 1 . 1 6 6  |  W 1 2 7nb 1w 3b W 1w 1  |
India won by 4 wickets
Live match threads:
Warriors vs Western Province
|
Send feedback
|
Schedule
|
Stat Help
Please don't post illegal streaming links in match threads",
Cricket,https://old.reddit.com/r/Cricket/comments/157jbqx/australia_have_retained_the_mens_ashes/,4544,939,Australia have retained the Men's Ashes,,https://i.redd.it/5rnllsw2sqdb1.jpg
Cricket,https://old.reddit.com/r/Cricket/comments/11q3450/this_shot_from_the_last_second_of_the_nz_v_sl/,4524,209,This shot from the last second of the NZ v SL test. Madness.,,https://i.redd.it/erspdxfq2ina1.jpg
Cricket,https://old.reddit.com/r/Cricket/comments/1l0yiv2/the_ipl_will_have_a_new_champion_this_year/,4513,506,THE IPL WILL HAVE A NEW CHAMPION THIS YEAR,,https://i.redd.it/b6osvhmohd4f1.jpeg
Cricket,https://old.reddit.com/r/Cricket/comments/1g0egx1/harry_brook_dismissed_for_317322_after_scoring/,4511,362,Harry brook dismissed for 317(322) after scoring his maiden triple century,,https://i.redd.it/f2xwstyi8wtd1.jpeg
Cricket,https://old.reddit.com/r/Cricket/comments/c79iis/brendon_mccullum_talking_about_his_dismissal_in/,4496,239,Brendon McCullum talking about his dismissal in WC final 2015 against Australia.,,https://i.redd.it/vy015fyaif731.png
Cricket,https://old.reddit.com/r/Cricket/comments/1iyspzv/england_eliminated_out_of_champions_trophy_as/,4496,686,England eliminated out of Champions trophy as Afghanistans win the thriller in final over,,https://i.redd.it/irmun6aioile1.jpeg
Cricket,https://old.reddit.com/r/Cricket/comments/abfxsp/tim_paine_and_his_wife_found_a_new_babysitter/,4466,436,Tim Paine and his wife found a new babysitter,,https://i.imgur.com/chM5oA9.png
Cricket,https://old.reddit.com/r/Cricket/comments/1acx4c6/west_indies_make_history_at_the_gabba_as_shamar/,4439,484,West indies make history at the Gabba as Shamar Joseph picks 7-68(11.5),,https://i.redd.it/aqgiimjiu4fc1.png
Cricket,https://old.reddit.com/r/Cricket/comments/nahglp/my_daddy_is_behind_the_camera_cameramans_daughter/,4426,72,"""My daddy is behind the camera"". Cameraman's daughter says it how it is. Wholesome moment in a regional T20 league.",,https://i.redd.it/fvwi0g6xmmy61.jpg
Cricket,https://old.reddit.com/r/Cricket/comments/inmbh1/englands_drs_review_for_lbw_against_aaron_finch/,4420,253,England's DRS review for LBW against Aaron Finch,,https://imgur.com/er0GKH2.jpg
Cricket,https://old.reddit.com/r/Cricket/comments/1lbe9k8/marco_jansen_captain_temba_bavuma_with_the_wtc/,4386,130,Marco Jansen & Captain Temba Bavuma with the WTC Trophy.,,https://i.redd.it/l5uer5rxhx6f1.jpeg
Cricket,https://old.reddit.com/r/Cricket/comments/ljl1j7/i_think_this_needs_to_be_said/,4378,401,I think this needs to be said,,https://i.redd.it/ujwvrss2reh61.jpg
Cricket,https://old.reddit.com/r/Cricket/comments/1dcge3y/new_york_times_posting_cricket_scores_like/,4305,340,New York Times posting cricket scores like Basketball,,https://i.redd.it/oqd11jjvcp5d1.png
Cricket,https://old.reddit.com/r/Cricket/comments/zw2hxn/australian_prime_minister_commentating_on_the/,4302,383,Australian Prime minister commentating on the Boxing Day Test,,https://i.redd.it/dbktdyyytd8a1.jpg
Cricket,https://old.reddit.com/r/Cricket/comments/1pdxp0f/joe_root_hits_his_40th_test_centuryends_the_day/,4307,422,"Joe Root hits his 40th Test century,ends the day at 135* (202)",,https://i.redd.it/yd8smsla265g1.jpeg
Cricket,https://old.reddit.com/r/Cricket/comments/1lg6dpa/yashasvi_jaiswal_scores_101_off_159_in_his_first/,4290,221,Yashasvi Jaiswal scores 101 off 159 in his first Test innings in England ‚Äì 5th Test hundred overall,,https://i.redd.it/qz1gpjnhl38f1.jpeg
Cricket,https://old.reddit.com/r/Cricket/comments/1p717we/south_africa_have_won_the_2nd_test_and_have/,4281,518,South Africa have won the 2nd Test and have whitewashed India at home. They have done it again after 25 years,,https://i.redd.it/2es332v5wj3g1.jpeg
Cricket,https://old.reddit.com/r/Cricket/comments/l8g6pp/everybody_gangsta_until_you_get_25kg_fish_as_the/,4284,121,Everybody gangsta until you get 2.5kg fish as the MOTM award in Kashmir cricket.,,https://i.redd.it/u0aum4bf4fe61.jpg
Cricket,https://old.reddit.com/r/Cricket/comments/1dfwg5p/usa_through_to_the_super_8/,4276,598,USA through to the Super 8 !!!,,https://i.redd.it/l08dbt0yok6d1.jpeg
Cricket,https://old.reddit.com/r/Cricket/comments/clj6ef/david_warner_having_a_little_fun/,4240,254,David Warner having a little fun.,,https://i.imgur.com/6HwMNdg.jpg
Cricket,https://old.reddit.com/r/Cricket/comments/c9zgf6/during_2008_under_19_world_cup_semifinal_india/,4226,226,"During 2008 under 19 world cup semifinal, India beat New Zealand by 3 wickets. India was lead by Kohli. New Zealand was lead by Williamson. Both going to face off each other in 2019 Odi world cup semifinal, again as captains of their respective countries.",,https://i.redd.it/v73wdc3xcr831.png
Cricket,https://old.reddit.com/r/Cricket/comments/n4iiv5/breaking_the_bcci_has_indefinitely_suspended/,4205,1863,BREAKING: The BCCI has indefinitely suspended IPL2021,,
Cricket,https://old.reddit.com/r/Cricket/comments/swsszx/this_is_a_collection_of_autographed_bats_from/,4190,203,"This is a collection of autographed bats from every Indian Cricketer with 10,000+ international runs. It took over 6 years to complete and is my pride and joy. Wanted to share this with people who love the sport as much as I do.",,https://i.redd.it/5f3cxdv22xi81.jpg
Cricket,https://old.reddit.com/r/Cricket/comments/js37yy/australia_will_wear_new_indigenous_kit_for_their/,4179,290,Australia will wear new indigenous kit for their t20‚Äôs against india.,,https://i.redd.it/l381csjd4ky51.jpg
